 レディース, トップス, Tシャツ/カットソー(半袖/袖なし)
 レディース, トップス, Tシャツ/カットソー(七分/長袖)
 レディース, トップス, シャツ/ブラウス(半袖/袖なし)
 レディース, トップス, シャツ/ブラウス(七分/長袖)
 レディース, トップス, ポロシャツ
 レディース, トップス, キャミソール
 レディース, トップス, タンクトップ
 レディース, トップス, ホルターネック
 レディース, トップス, ニット/セーター
 レディース, トップス, チュニック
 レディース, トップス, カーディガン/ボレロ
 レディース, トップス, アンサンブル
 レディース, トップス, ベスト/ジレ
 レディース, トップス, パーカー
 レディース, ジャケット/アウター, テーラードジャケット
 レディース, ジャケット/アウター, ノーカラージャケット
 レディース, ジャケット/アウター, Gジャン/デニムジャケット
 レディース, ジャケット/アウター, レザージャケット
 レディース, ジャケット/アウター, ダウンジャケット
 レディース, ジャケット/アウター, ライダースジャケット
 レディース, ジャケット/アウター, ミリタリージャケット
 レディース, ジャケット/アウター, ダウンベスト
 レディース, ジャケット/アウター, ジャンパー/ブルゾン
 レディース, ジャケット/アウター, ポンチョ
 レディース, ジャケット/アウター, ロングコート
 レディース, ジャケット/アウター, トレンチコート
 レディース, ジャケット/アウター, ダッフルコート
 レディース, ジャケット/アウター, ピーコート
 レディース, パンツ, デニム/ジーンズ
 レディース, パンツ, ショートパンツ
 レディース, パンツ, カジュアルパンツ
 レディース, パンツ, ハーフパンツ
 レディース, パンツ, チノパン
 レディース, パンツ, ワークパンツ/カーゴパンツ
 レディース, パンツ, クロップドパンツ
 レディース, パンツ, サロペット/オーバーオール
 レディース, パンツ, オールインワン
 レディース, パンツ, サルエルパンツ
 レディース, パンツ, ガウチョパンツ
 レディース, パンツ, その他
 レディース, スカート, ミニスカート
 レディース, スカート, ひざ丈スカート
 レディース, スカート, ロングスカート
 レディース, スカート, キュロット
 レディース, スカート, その他
 レディース, ワンピース, ミニワンピース
 レディース, ワンピース, ひざ丈ワンピース
 レディース, ワンピース, ロングワンピース
 レディース, ワンピース, その他
 レディース, 靴, ハイヒール/パンプス
 レディース, 靴, ブーツ
 レディース, 靴, サンダル
 レディース, 靴, スニーカー
 レディース, 靴, ミュール
 レディース, 靴, モカシン
 レディース, 靴, ローファー/革靴
 レディース, 靴, フラットシューズ/バレエシューズ
 レディース, 靴, 長靴/レインシューズ
 レディース, 靴, その他
 レディース, ルームウェア/パジャマ, パジャマ
 レディース, ルームウェア/パジャマ, ルームウェア
 レディース, レッグウェア, ソックス
 レディース, レッグウェア, スパッツ/レギンス
 レディース, レッグウェア, ストッキング/タイツ
 レディース, レッグウェア, レッグウォーマー
 レディース, レッグウェア, その他
 レディース, 帽子, ニットキャップ/ビーニー
 レディース, 帽子, ハット
 レディース, 帽子, ハンチング/ベレー帽
 レディース, 帽子, キャップ
 レディース, 帽子, キャスケット
 レディース, 帽子, 麦わら帽子
 レディース, 帽子, その他
 レディース, バッグ, ハンドバッグ
 レディース, バッグ, トートバッグ
 レディース, バッグ, エコバッグ
 レディース, バッグ, リュック/バックパック
 レディース, バッグ, ボストンバッグ
 レディース, バッグ, スポーツバッグ
 レディース, バッグ, ショルダーバッグ
 レディース, バッグ, クラッチバッグ
 レディース, バッグ, ポーチ/バニティ
 レディース, バッグ, ボディバッグ/ウェストバッグ
 レディース, バッグ, マザーズバッグ
 レディース, バッグ, メッセンジャーバッグ
 レディース, バッグ, ビジネスバッグ
 レディース, バッグ, 旅行用バッグ/キャリーバッグ
 レディース, アクセサリー, ネックレス
 レディース, アクセサリー, ブレスレット
 レディース, アクセサリー, バングル/リストバンド
 レディース, アクセサリー, リング
 レディース, アクセサリー, ピアス(片耳用)
 レディース, アクセサリー, ピアス(両耳用)
 レディース, アクセサリー, イヤリング
 レディース, アクセサリー, アンクレット
 レディース, アクセサリー, ブローチ/コサージュ
 レディース, アクセサリー, チャーム
 レディース, アクセサリー, その他
 レディース, ヘアアクセサリー, ヘアゴム/シュシュ
 レディース, ヘアアクセサリー, ヘアバンド/カチューシャ
 レディース, ヘアアクセサリー, ヘアピン
 レディース, ヘアアクセサリー, その他
 レディース, 小物, 長財布
 レディース, 小物, 折り財布
 レディース, 小物, コインケース/小銭入れ
 レディース, 小物, 名刺入れ/定期入れ
 レディース, 小物, キーケース
 レディース, 小物, キーホルダー
 レディース, 小物, 手袋/アームカバー
 レディース, 小物, ハンカチ
 レディース, 小物, ベルト
 レディース, 小物, マフラー/ショール
 レディース, 小物, ストール/スヌード
 レディース, 小物, バンダナ/スカーフ
 レディース, 小物, ネックウォーマー
 レディース, 小物, サスペンダー
 レディース, 時計, 腕時計(アナログ)
 レディース, 時計, 腕時計(デジタル)
 レディース, 時計, ラバーベルト
 レディース, 時計, レザーベルト
 レディース, 時計, 金属ベルト
 レディース, 時計, その他
 メンズ, トップス, Tシャツ/カットソー(半袖/袖なし)
 メンズ, トップス, Tシャツ/カットソー(七分/長袖)
 メンズ, トップス, シャツ
 メンズ, トップス, ポロシャツ
 メンズ, トップス, タンクトップ
 メンズ, トップス, ニット/セーター
 メンズ, トップス, パーカー
 メンズ, トップス, カーディガン
 メンズ, トップス, スウェット
 メンズ, トップス, ジャージ
 メンズ, トップス, ベスト
 メンズ, トップス, その他
 メンズ, ジャケット/アウター, テーラードジャケット
 メンズ, ジャケット/アウター, ノーカラージャケット
 メンズ, ジャケット/アウター, Gジャン/デニムジャケット
 メンズ, ジャケット/アウター, レザージャケット
 メンズ, ジャケット/アウター, ダウンジャケット
 メンズ, ジャケット/アウター, ライダースジャケット
 メンズ, ジャケット/アウター, ミリタリージャケット
 メンズ, ジャケット/アウター, ナイロンジャケット
 メンズ, ジャケット/アウター, フライトジャケット
 メンズ, ジャケット/アウター, ダッフルコート
 メンズ, ジャケット/アウター, ピーコート
 メンズ, ジャケット/アウター, ステンカラーコート
 メンズ, ジャケット/アウター, トレンチコート
 メンズ, ジャケット/アウター, モッズコート
 メンズ, パンツ, デニム/ジーンズ
 メンズ, パンツ, ワークパンツ/カーゴパンツ
 メンズ, パンツ, スラックス
 メンズ, パンツ, チノパン
 メンズ, パンツ, ショートパンツ
 メンズ, パンツ, ペインターパンツ
 メンズ, パンツ, サルエルパンツ
 メンズ, パンツ, オーバーオール
 メンズ, パンツ, その他
 メンズ, 靴, スニーカー
 メンズ, 靴, サンダル
 メンズ, 靴, ブーツ
 メンズ, 靴, モカシン
 メンズ, 靴, ドレス/ビジネス
 メンズ, 靴, 長靴/レインシューズ
 メンズ, 靴, デッキシューズ
 メンズ, 靴, その他
 メンズ, バッグ, ショルダーバッグ
 メンズ, バッグ, トートバッグ
 メンズ, バッグ, ボストンバッグ
 メンズ, バッグ, リュック/バックパック
 メンズ, バッグ, ウエストポーチ
 メンズ, バッグ, ボディーバッグ
 メンズ, バッグ, ドラムバッグ
 メンズ, バッグ, ビジネスバッグ
 メンズ, バッグ, トラベルバッグ
 メンズ, バッグ, メッセンジャーバッグ
 メンズ, バッグ, エコバッグ
 メンズ, バッグ, その他
 メンズ, スーツ, スーツジャケット
 メンズ, スーツ, スーツベスト
 メンズ, スーツ, スラックス
 メンズ, スーツ, セットアップ
 メンズ, スーツ, その他
 メンズ, 帽子, キャップ
 メンズ, 帽子, ハット
 メンズ, 帽子, ニットキャップ/ビーニー
 メンズ, 帽子, ハンチング/ベレー帽
 メンズ, 帽子, キャスケット
 メンズ, 帽子, サンバイザー
 メンズ, 帽子, その他
 メンズ, アクセサリー, ネックレス
 メンズ, アクセサリー, ブレスレット
 メンズ, アクセサリー, バングル/リストバンド
 メンズ, アクセサリー, リング
 メンズ, アクセサリー, ピアス(片耳用)
 メンズ, アクセサリー, ピアス(両耳用)
 メンズ, アクセサリー, アンクレット
 メンズ, アクセサリー, その他
 メンズ, 小物, 長財布
 メンズ, 小物, 折り財布
 メンズ, 小物, マネークリップ
 メンズ, 小物, コインケース/小銭入れ
 メンズ, 小物, 名刺入れ/定期入れ
 メンズ, 小物, キーケース
 メンズ, 小物, キーホルダー
 メンズ, 小物, ネクタイ
 メンズ, 小物, 手袋
 メンズ, 小物, ハンカチ
 メンズ, 小物, ベルト
 メンズ, 小物, マフラー
 メンズ, 小物, ストール
 メンズ, 小物, バンダナ
 メンズ, 時計, 腕時計(アナログ)
 メンズ, 時計, 腕時計(デジタル)
 メンズ, 時計, ラバーベルト
 メンズ, 時計, レザーベルト
 メンズ, 時計, 金属ベルト
 メンズ, 時計, その他
 メンズ, 水着, 一般水着
 メンズ, 水着, スポーツ用
 メンズ, 水着, アクセサリー
 メンズ, 水着, その他
 メンズ, レッグウェア, ソックス
 メンズ, レッグウェア, レギンス/スパッツ
 メンズ, レッグウェア, レッグウォーマー
 メンズ, レッグウェア, その他
 メンズ, アンダーウェア, トランクス
 メンズ, アンダーウェア, ボクサーパンツ
 メンズ, アンダーウェア, その他
 ベビー・キッズ, ベビー服(女の子用)  ~95cm, トップス
 ベビー・キッズ, ベビー服(女の子用)  ~95cm, アウター
 ベビー・キッズ, ベビー服(女の子用)  ~95cm, パンツ
 ベビー・キッズ, ベビー服(女の子用)  ~95cm, スカート
 ベビー・キッズ, ベビー服(女の子用)  ~95cm, ワンピース
 ベビー・キッズ, ベビー服(女の子用)  ~95cm, ベビードレス
 ベビー・キッズ, ベビー服(女の子用)  ~95cm, おくるみ
 ベビー・キッズ, ベビー服(女の子用)  ~95cm, 下着/肌着
 ベビー・キッズ, ベビー服(女の子用)  ~95cm, パジャマ
 ベビー・キッズ, ベビー服(女の子用)  ~95cm, ロンパース
 ベビー・キッズ, ベビー服(女の子用)  ~95cm, その他
 ベビー・キッズ, ベビー服(男の子用)  ~95cm, トップス
 ベビー・キッズ, ベビー服(男の子用)  ~95cm, アウター
 ベビー・キッズ, ベビー服(男の子用)  ~95cm, パンツ
 ベビー・キッズ, ベビー服(男の子用)  ~95cm, おくるみ
 ベビー・キッズ, ベビー服(男の子用)  ~95cm, 下着/肌着
 ベビー・キッズ, ベビー服(男の子用)  ~95cm, パジャマ
 ベビー・キッズ, ベビー服(男の子用)  ~95cm, ロンパース
 ベビー・キッズ, ベビー服(男の子用)  ~95cm, その他
 ベビー・キッズ, ベビー服(男女兼用)  ~95cm, トップス
 ベビー・キッズ, ベビー服(男女兼用)  ~95cm, アウター
 ベビー・キッズ, ベビー服(男女兼用)  ~95cm, パンツ
 ベビー・キッズ, ベビー服(男女兼用)  ~95cm, おくるみ
 ベビー・キッズ, ベビー服(男女兼用)  ~95cm, 下着/肌着
 ベビー・キッズ, ベビー服(男女兼用)  ~95cm, パジャマ
 ベビー・キッズ, ベビー服(男女兼用)  ~95cm, ロンパース
 ベビー・キッズ, ベビー服(男女兼用)  ~95cm, その他
 ベビー・キッズ, キッズ服(女の子用) 100cm~, コート
 ベビー・キッズ, キッズ服(女の子用) 100cm~, ジャケット/上着
 ベビー・キッズ, キッズ服(女の子用) 100cm~, トップス(Tシャツ/カットソー)
 ベビー・キッズ, キッズ服(女の子用) 100cm~, トップス(トレーナー)
 ベビー・キッズ, キッズ服(女の子用) 100cm~, トップス(チュニック)
 ベビー・キッズ, キッズ服(女の子用) 100cm~, トップス(タンクトップ)
 ベビー・キッズ, キッズ服(女の子用) 100cm~, トップス(その他)
 ベビー・キッズ, キッズ服(女の子用) 100cm~, スカート
 ベビー・キッズ, キッズ服(女の子用) 100cm~, パンツ
 ベビー・キッズ, キッズ服(女の子用) 100cm~, ワンピース
 ベビー・キッズ, キッズ服(女の子用) 100cm~, セットアップ
 ベビー・キッズ, キッズ服(女の子用) 100cm~, パジャマ
 ベビー・キッズ, キッズ服(女の子用) 100cm~, フォーマル/ドレス
 ベビー・キッズ, キッズ服(女の子用) 100cm~, 和服
 ベビー・キッズ, キッズ服(男の子用) 100cm~, コート
 ベビー・キッズ, キッズ服(男の子用) 100cm~, ジャケット/上着
 ベビー・キッズ, キッズ服(男の子用) 100cm~, トップス(Tシャツ/カットソー)
 ベビー・キッズ, キッズ服(男の子用) 100cm~, トップス(トレーナー)
 ベビー・キッズ, キッズ服(男の子用) 100cm~, トップス(その他)
 ベビー・キッズ, キッズ服(男の子用) 100cm~, パンツ
 ベビー・キッズ, キッズ服(男の子用) 100cm~, セットアップ
 ベビー・キッズ, キッズ服(男の子用) 100cm~, パジャマ
 ベビー・キッズ, キッズ服(男の子用) 100cm~, フォーマル/ドレス
 ベビー・キッズ, キッズ服(男の子用) 100cm~, 和服
 ベビー・キッズ, キッズ服(男の子用) 100cm~, 浴衣
 ベビー・キッズ, キッズ服(男の子用) 100cm~, 甚平
 ベビー・キッズ, キッズ服(男の子用) 100cm~, 水着
 ベビー・キッズ, キッズ服(男の子用) 100cm~, その他
 ベビー・キッズ, キッズ服(男女兼用) 100cm~, コート
 ベビー・キッズ, キッズ服(男女兼用) 100cm~, ジャケット/上着
 ベビー・キッズ, キッズ服(男女兼用) 100cm~, トップス(Tシャツ/カットソー)
 ベビー・キッズ, キッズ服(男女兼用) 100cm~, トップス(トレーナー)
 ベビー・キッズ, キッズ服(男女兼用) 100cm~, トップス(その他)
 ベビー・キッズ, キッズ服(男女兼用) 100cm~, ボトムス
 ベビー・キッズ, キッズ服(男女兼用) 100cm~, パジャマ
 ベビー・キッズ, キッズ服(男女兼用) 100cm~, その他
 ベビー・キッズ, キッズ靴, スニーカー
 ベビー・キッズ, キッズ靴, サンダル
 ベビー・キッズ, キッズ靴, ブーツ
 ベビー・キッズ, キッズ靴, 長靴
 ベビー・キッズ, キッズ靴, その他
 ベビー・キッズ, 子ども用ファッション小物, 靴下/スパッツ
 ベビー・キッズ, 子ども用ファッション小物, 帽子
 ベビー・キッズ, 子ども用ファッション小物, エプロン
 ベビー・キッズ, 子ども用ファッション小物, サスペンダー
 ベビー・キッズ, 子ども用ファッション小物, タイツ
 ベビー・キッズ, 子ども用ファッション小物, ハンカチ
 ベビー・キッズ, 子ども用ファッション小物, バンダナ
 ベビー・キッズ, 子ども用ファッション小物, ベルト
 ベビー・キッズ, 子ども用ファッション小物, マフラー
 ベビー・キッズ, 子ども用ファッション小物, 傘
 ベビー・キッズ, 子ども用ファッション小物, 手袋
 ベビー・キッズ, 子ども用ファッション小物, スタイ
 ベビー・キッズ, 子ども用ファッション小物, バッグ
 ベビー・キッズ, 子ども用ファッション小物, その他
 ベビー・キッズ, おむつ/トイレ/バス, おむつ用品
 ベビー・キッズ, おむつ/トイレ/バス, おまる/補助便座
 ベビー・キッズ, おむつ/トイレ/バス, トレーニングパンツ
 ベビー・キッズ, おむつ/トイレ/バス, ベビーバス
 ベビー・キッズ, おむつ/トイレ/バス, お風呂用品
 ベビー・キッズ, おむつ/トイレ/バス, その他
 ベビー・キッズ, 外出/移動用品, ベビーカー
 ベビー・キッズ, 外出/移動用品, 抱っこひも/スリング
 ベビー・キッズ, 外出/移動用品, チャイルドシート
 ベビー・キッズ, 外出/移動用品, その他
 ベビー・キッズ, 授乳/食事, ミルク
 ベビー・キッズ, 授乳/食事, ベビーフード
 ベビー・キッズ, 授乳/食事, ベビー用食器
 ベビー・キッズ, 授乳/食事, その他
 ベビー・キッズ, ベビー家具/寝具/室内用品, ベッド
 ベビー・キッズ, ベビー家具/寝具/室内用品, 布団/毛布
 ベビー・キッズ, ベビー家具/寝具/室内用品, イス
 ベビー・キッズ, ベビー家具/寝具/室内用品, たんす
 ベビー・キッズ, ベビー家具/寝具/室内用品, その他
 ベビー・キッズ, おもちゃ, おふろのおもちゃ
 ベビー・キッズ, おもちゃ, がらがら
 ベビー・キッズ, おもちゃ, オルゴール
 ベビー・キッズ, おもちゃ, ベビージム
 ベビー・キッズ, おもちゃ, 手押し車/カタカタ
 ベビー・キッズ, おもちゃ, 知育玩具
 ベビー・キッズ, おもちゃ, その他
 ベビー・キッズ, 行事/記念品, お宮参り用品
 ベビー・キッズ, 行事/記念品, お食い初め用品
 ベビー・キッズ, 行事/記念品, アルバム
 ベビー・キッズ, 行事/記念品, 手形/足形
 ベビー・キッズ, 行事/記念品, その他
 インテリア・住まい・小物, キッチン/食器, 食器
 インテリア・住まい・小物, キッチン/食器, 調理器具
 インテリア・住まい・小物, キッチン/食器, 収納/キッチン雑貨
 インテリア・住まい・小物, キッチン/食器, 弁当用品
 インテリア・住まい・小物, キッチン/食器, カトラリー(スプーン等)
 インテリア・住まい・小物, キッチン/食器, テーブル用品
 インテリア・住まい・小物, キッチン/食器, 容器
 インテリア・住まい・小物, キッチン/食器, エプロン
 インテリア・住まい・小物, キッチン/食器, アルコールグッズ
 インテリア・住まい・小物, キッチン/食器, 浄水機
 インテリア・住まい・小物, キッチン/食器, その他
 インテリア・住まい・小物, ベッド/マットレス, セミシングルベッド
 インテリア・住まい・小物, ベッド/マットレス, シングルベッド
 インテリア・住まい・小物, ベッド/マットレス, セミダブルベッド
 インテリア・住まい・小物, ベッド/マットレス, ダブルベッド
 インテリア・住まい・小物, ベッド/マットレス, ワイドダブルベッド
 インテリア・住まい・小物, ベッド/マットレス, クイーンベッド
 インテリア・住まい・小物, ベッド/マットレス, キングベッド
 インテリア・住まい・小物, ベッド/マットレス, 脚付きマットレスベッド
 インテリア・住まい・小物, ベッド/マットレス, マットレス
 インテリア・住まい・小物, ベッド/マットレス, すのこベッド
 インテリア・住まい・小物, ベッド/マットレス, ロフトベッド/システムベッド
 インテリア・住まい・小物, ベッド/マットレス, 簡易ベッド/折りたたみベッド
 インテリア・住まい・小物, ベッド/マットレス, 収納付き
 インテリア・住まい・小物, ベッド/マットレス, その他
 インテリア・住まい・小物, ソファ/ソファベッド, ソファセット
 インテリア・住まい・小物, ソファ/ソファベッド, シングルソファ
 インテリア・住まい・小物, ソファ/ソファベッド, ラブソファ
 インテリア・住まい・小物, ソファ/ソファベッド, トリプルソファ
 インテリア・住まい・小物, ソファ/ソファベッド, オットマン
 インテリア・住まい・小物, ソファ/ソファベッド, コーナーソファ
 インテリア・住まい・小物, ソファ/ソファベッド, ビーズソファ/クッションソファ
 インテリア・住まい・小物, ソファ/ソファベッド, ローソファ/フロアソファ
 インテリア・住まい・小物, ソファ/ソファベッド, ソファベッド
 インテリア・住まい・小物, ソファ/ソファベッド, 応接セット
 インテリア・住まい・小物, ソファ/ソファベッド, ソファカバー
 インテリア・住まい・小物, ソファ/ソファベッド, リクライニングソファ
 インテリア・住まい・小物, ソファ/ソファベッド, その他
 インテリア・住まい・小物, 椅子/チェア, 一般
 インテリア・住まい・小物, 椅子/チェア, スツール
 インテリア・住まい・小物, 椅子/チェア, ダイニングチェア
 インテリア・住まい・小物, 椅子/チェア, ハイバックチェア
 インテリア・住まい・小物, 椅子/チェア, ロッキングチェア
 インテリア・住まい・小物, 椅子/チェア, 座椅子
 インテリア・住まい・小物, 椅子/チェア, 折り畳みイス
 インテリア・住まい・小物, 椅子/チェア, デスクチェア
 インテリア・住まい・小物, 椅子/チェア, その他
 インテリア・住まい・小物, 机/テーブル, こたつ
 インテリア・住まい・小物, 机/テーブル, カウンターテーブル
 インテリア・住まい・小物, 机/テーブル, サイドテーブル
 インテリア・住まい・小物, 机/テーブル, センターテーブル
 インテリア・住まい・小物, 机/テーブル, ダイニングテーブル
 インテリア・住まい・小物, 机/テーブル, 座卓/ちゃぶ台
 インテリア・住まい・小物, 机/テーブル, アウトドア用
 インテリア・住まい・小物, 机/テーブル, パソコン用
 インテリア・住まい・小物, 机/テーブル, 事務机/学習机
 インテリア・住まい・小物, 机/テーブル, その他
 インテリア・住まい・小物, 収納家具, リビング収納
 インテリア・住まい・小物, 収納家具, キッチン収納
 インテリア・住まい・小物, 収納家具, 玄関/屋外収納
 インテリア・住まい・小物, 収納家具, バス/トイレ収納
 インテリア・住まい・小物, 収納家具, 本収納
 インテリア・住まい・小物, 収納家具, 本/CD/DVD収納
 インテリア・住まい・小物, 収納家具, 洋服タンス/押入れ収納
 インテリア・住まい・小物, 収納家具, 電話台/ファックス台
 インテリア・住まい・小物, 収納家具, ドレッサー/鏡台
 インテリア・住まい・小物, 収納家具, 棚/ラック
 インテリア・住まい・小物, 収納家具, ケース/ボックス
 インテリア・住まい・小物, 収納家具, その他
 インテリア・住まい・小物, ラグ/カーペット/マット, ラグ
 インテリア・住まい・小物, ラグ/カーペット/マット, カーペット
 インテリア・住まい・小物, ラグ/カーペット/マット, ホットカーペット
 インテリア・住まい・小物, ラグ/カーペット/マット, 玄関/キッチンマット
 インテリア・住まい・小物, ラグ/カーペット/マット, トイレ/バスマット
 インテリア・住まい・小物, ラグ/カーペット/マット, その他
 インテリア・住まい・小物, カーテン/ブラインド, カーテン
 インテリア・住まい・小物, カーテン/ブラインド, ブラインド
 インテリア・住まい・小物, カーテン/ブラインド, ロールスクリーン
 インテリア・住まい・小物, カーテン/ブラインド, のれん
 インテリア・住まい・小物, カーテン/ブラインド, その他
 インテリア・住まい・小物, ライト/照明, 蛍光灯/電球
 インテリア・住まい・小物, ライト/照明, 天井照明
 インテリア・住まい・小物, ライト/照明, フロアスタンド
 インテリア・住まい・小物, ライト/照明, その他
 インテリア・住まい・小物, 寝具, 布団/毛布
 インテリア・住まい・小物, 寝具, 枕
 インテリア・住まい・小物, 寝具, シーツ/カバー
 インテリア・住まい・小物, 寝具, その他
 インテリア・住まい・小物, インテリア小物, ごみ箱
 インテリア・住まい・小物, インテリア小物, ウェルカムボード
 インテリア・住まい・小物, インテリア小物, オルゴール
 インテリア・住まい・小物, インテリア小物, クッション
 インテリア・住まい・小物, インテリア小物, クッションカバー
 インテリア・住まい・小物, インテリア小物, スリッパラック
 インテリア・住まい・小物, インテリア小物, ティッシュボックス
 インテリア・住まい・小物, インテリア小物, バスケット/かご
 インテリア・住まい・小物, インテリア小物, フォトフレーム
 インテリア・住まい・小物, インテリア小物, マガジンラック
 インテリア・住まい・小物, インテリア小物, モビール
 インテリア・住まい・小物, インテリア小物, 花瓶
 インテリア・住まい・小物, インテリア小物, 灰皿
 インテリア・住まい・小物, インテリア小物, 傘立て
 インテリア・住まい・小物, 季節/年中行事, 正月
 インテリア・住まい・小物, 季節/年中行事, 成人式
 インテリア・住まい・小物, 季節/年中行事, バレンタインデー
 インテリア・住まい・小物, 季節/年中行事, ひな祭り
 インテリア・住まい・小物, 季節/年中行事, 子どもの日
 インテリア・住まい・小物, 季節/年中行事, 母の日
 インテリア・住まい・小物, 季節/年中行事, 父の日
 インテリア・住まい・小物, 季節/年中行事, サマーギフト/お中元
 インテリア・住まい・小物, 季節/年中行事, 夏/夏休み
 インテリア・住まい・小物, 季節/年中行事, ハロウィン
 インテリア・住まい・小物, 季節/年中行事, 敬老の日
 インテリア・住まい・小物, 季節/年中行事, 七五三
 インテリア・住まい・小物, 季節/年中行事, お歳暮
 インテリア・住まい・小物, 季節/年中行事, クリスマス
 本・音楽・ゲーム, 本, 文学/小説
 本・音楽・ゲーム, 本, 人文/社会
 本・音楽・ゲーム, 本, ノンフィクション/教養
 本・音楽・ゲーム, 本, 地図/旅行ガイド
 本・音楽・ゲーム, 本, ビジネス/経済
 本・音楽・ゲーム, 本, 健康/医学
 本・音楽・ゲーム, 本, コンピュータ/IT
 本・音楽・ゲーム, 本, 趣味/スポーツ/実用
 本・音楽・ゲーム, 本, 住まい/暮らし/子育て
 本・音楽・ゲーム, 本, アート/エンタメ
 本・音楽・ゲーム, 本, 洋書
 本・音楽・ゲーム, 本, 絵本
 本・音楽・ゲーム, 本, 参考書
 本・音楽・ゲーム, 本, その他
 本・音楽・ゲーム, 漫画, 全巻セット
 本・音楽・ゲーム, 漫画, 少年漫画
 本・音楽・ゲーム, 漫画, 少女漫画
 本・音楽・ゲーム, 漫画, 青年漫画
 本・音楽・ゲーム, 漫画, 女性漫画
 本・音楽・ゲーム, 漫画, 同人誌
 本・音楽・ゲーム, 漫画, その他
 本・音楽・ゲーム, 雑誌, アート/エンタメ/ホビー
 本・音楽・ゲーム, 雑誌, ファッション
 本・音楽・ゲーム, 雑誌, ニュース/総合
 本・音楽・ゲーム, 雑誌, 趣味/スポーツ
 本・音楽・ゲーム, 雑誌, その他
 本・音楽・ゲーム, CD, 邦楽
 本・音楽・ゲーム, CD, 洋楽
 本・音楽・ゲーム, CD, アニメ
 本・音楽・ゲーム, CD, クラシック
 本・音楽・ゲーム, CD, K-POP/アジア
 本・音楽・ゲーム, CD, キッズ/ファミリー
 本・音楽・ゲーム, CD, その他
 本・音楽・ゲーム, DVD/ブルーレイ, 外国映画
 本・音楽・ゲーム, DVD/ブルーレイ, 日本映画
 本・音楽・ゲーム, DVD/ブルーレイ, アニメ
 本・音楽・ゲーム, DVD/ブルーレイ, TVドラマ
 本・音楽・ゲーム, DVD/ブルーレイ, ミュージック
 本・音楽・ゲーム, DVD/ブルーレイ, お笑い/バラエティ
 本・音楽・ゲーム, DVD/ブルーレイ, スポーツ/フィットネス
 本・音楽・ゲーム, DVD/ブルーレイ, キッズ/ファミリー
 本・音楽・ゲーム, DVD/ブルーレイ, その他
 本・音楽・ゲーム, レコード, 邦楽
 本・音楽・ゲーム, レコード, 洋楽
 本・音楽・ゲーム, レコード, その他
 本・音楽・ゲーム, テレビゲーム, 家庭用ゲーム本体
 本・音楽・ゲーム, テレビゲーム, 家庭用ゲームソフト
 本・音楽・ゲーム, テレビゲーム, 携帯用ゲーム本体
 本・音楽・ゲーム, テレビゲーム, 携帯用ゲームソフト
 本・音楽・ゲーム, テレビゲーム, PCゲーム
 本・音楽・ゲーム, テレビゲーム, その他
 おもちゃ・ホビー・グッズ, おもちゃ, キャラクターグッズ
 おもちゃ・ホビー・グッズ, おもちゃ, ぬいぐるみ
 おもちゃ・ホビー・グッズ, おもちゃ, 小物/アクセサリー
 おもちゃ・ホビー・グッズ, おもちゃ, 模型/プラモデル
 おもちゃ・ホビー・グッズ, おもちゃ, ミニカー
 おもちゃ・ホビー・グッズ, おもちゃ, トイラジコン
 おもちゃ・ホビー・グッズ, おもちゃ, プラモデル
 おもちゃ・ホビー・グッズ, おもちゃ, ホビーラジコン
 おもちゃ・ホビー・グッズ, おもちゃ, 鉄道模型
 おもちゃ・ホビー・グッズ, おもちゃ, その他
 おもちゃ・ホビー・グッズ, タレントグッズ, アイドル
 おもちゃ・ホビー・グッズ, タレントグッズ, ミュージシャン
 おもちゃ・ホビー・グッズ, タレントグッズ, タレント/お笑い芸人
 おもちゃ・ホビー・グッズ, タレントグッズ, スポーツ選手
 おもちゃ・ホビー・グッズ, タレントグッズ, その他
 おもちゃ・ホビー・グッズ, コミック/アニメグッズ, ストラップ
 おもちゃ・ホビー・グッズ, コミック/アニメグッズ, キーホルダー
 おもちゃ・ホビー・グッズ, コミック/アニメグッズ, バッジ
 おもちゃ・ホビー・グッズ, コミック/アニメグッズ, カード
 おもちゃ・ホビー・グッズ, コミック/アニメグッズ, クリアファイル
 おもちゃ・ホビー・グッズ, コミック/アニメグッズ, ポスター
 おもちゃ・ホビー・グッズ, コミック/アニメグッズ, タオル
 おもちゃ・ホビー・グッズ, コミック/アニメグッズ, その他
 おもちゃ・ホビー・グッズ, トレーディングカード, 遊戯王
 おもちゃ・ホビー・グッズ, トレーディングカード, マジック：ザ・ギャザリング
 おもちゃ・ホビー・グッズ, トレーディングカード, ポケモンカードゲーム
 おもちゃ・ホビー・グッズ, トレーディングカード, デュエルマスターズ
 おもちゃ・ホビー・グッズ, トレーディングカード, バトルスピリッツ
 おもちゃ・ホビー・グッズ, トレーディングカード, プリパラ
 おもちゃ・ホビー・グッズ, トレーディングカード, アイカツ
 おもちゃ・ホビー・グッズ, トレーディングカード, カードファイト!! ヴァンガード
 おもちゃ・ホビー・グッズ, トレーディングカード, ヴァイスシュヴァルツ
 おもちゃ・ホビー・グッズ, トレーディングカード, プロ野球オーナーズリーグ
 おもちゃ・ホビー・グッズ, トレーディングカード, ベースボールヒーローズ
 おもちゃ・ホビー・グッズ, トレーディングカード, ドラゴンボール
 おもちゃ・ホビー・グッズ, トレーディングカード, スリーブ
 おもちゃ・ホビー・グッズ, トレーディングカード, その他
 おもちゃ・ホビー・グッズ, フィギュア, コミック/アニメ
 おもちゃ・ホビー・グッズ, フィギュア, 特撮
 おもちゃ・ホビー・グッズ, フィギュア, ゲームキャラクター
 おもちゃ・ホビー・グッズ, フィギュア, SF/ファンタジー/ホラー
 おもちゃ・ホビー・グッズ, フィギュア, アメコミ
 おもちゃ・ホビー・グッズ, フィギュア, スポーツ
 おもちゃ・ホビー・グッズ, フィギュア, ミリタリー
 おもちゃ・ホビー・グッズ, フィギュア, その他
 おもちゃ・ホビー・グッズ, 楽器/器材, エレキギター
 おもちゃ・ホビー・グッズ, 楽器/器材, アコースティックギター
 おもちゃ・ホビー・グッズ, 楽器/器材, ベース
 おもちゃ・ホビー・グッズ, 楽器/器材, エフェクター
 おもちゃ・ホビー・グッズ, 楽器/器材, アンプ
 おもちゃ・ホビー・グッズ, 楽器/器材, 弦楽器
 おもちゃ・ホビー・グッズ, 楽器/器材, 管楽器
 おもちゃ・ホビー・グッズ, 楽器/器材, 鍵盤楽器
 おもちゃ・ホビー・グッズ, 楽器/器材, 打楽器
 おもちゃ・ホビー・グッズ, 楽器/器材, 和楽器
 おもちゃ・ホビー・グッズ, 楽器/器材, 楽譜/スコア
 おもちゃ・ホビー・グッズ, 楽器/器材, レコーディング/PA機器
 おもちゃ・ホビー・グッズ, 楽器/器材, DJ機器
 おもちゃ・ホビー・グッズ, 楽器/器材, DTM/DAW
 おもちゃ・ホビー・グッズ, コレクション, 武具
 おもちゃ・ホビー・グッズ, コレクション, 切手/官製はがき
 おもちゃ・ホビー・グッズ, コレクション, 貨幣/金貨/銀貨/記念硬貨
 おもちゃ・ホビー・グッズ, コレクション, 印刷物
 おもちゃ・ホビー・グッズ, コレクション, ノベルティグッズ
 おもちゃ・ホビー・グッズ, コレクション, その他
 おもちゃ・ホビー・グッズ, ミリタリー, トイガン
 おもちゃ・ホビー・グッズ, ミリタリー, 個人装備
 おもちゃ・ホビー・グッズ, ミリタリー, その他
 おもちゃ・ホビー・グッズ, 美術品, 陶芸
 おもちゃ・ホビー・グッズ, 美術品, ガラス
 おもちゃ・ホビー・グッズ, 美術品, 漆芸
 おもちゃ・ホビー・グッズ, 美術品, 金属工芸
 おもちゃ・ホビー・グッズ, 美術品, 絵画/タペストリ
 おもちゃ・ホビー・グッズ, 美術品, 版画
 おもちゃ・ホビー・グッズ, 美術品, 彫刻/オブジェクト
 おもちゃ・ホビー・グッズ, 美術品, 書
 おもちゃ・ホビー・グッズ, 美術品, 写真
 おもちゃ・ホビー・グッズ, 美術品, その他
 おもちゃ・ホビー・グッズ, アート用品, 画材
 おもちゃ・ホビー・グッズ, アート用品, 額縁
 おもちゃ・ホビー・グッズ, アート用品, その他
 おもちゃ・ホビー・グッズ, その他, トランプ/UNO
 おもちゃ・ホビー・グッズ, その他, カルタ/百人一首
 おもちゃ・ホビー・グッズ, その他, ダーツ
 おもちゃ・ホビー・グッズ, その他, ビリヤード
 おもちゃ・ホビー・グッズ, その他, 麻雀
 おもちゃ・ホビー・グッズ, その他, パズル/ジグソーパズル
 おもちゃ・ホビー・グッズ, その他, 囲碁/将棋
 おもちゃ・ホビー・グッズ, その他, オセロ/チェス
 おもちゃ・ホビー・グッズ, その他, 人生ゲーム
 おもちゃ・ホビー・グッズ, その他, 野球/サッカーゲーム
 おもちゃ・ホビー・グッズ, その他, スポーツ
 おもちゃ・ホビー・グッズ, その他, 三輪車/乗り物
 おもちゃ・ホビー・グッズ, その他, ヨーヨー
 おもちゃ・ホビー・グッズ, その他, 模型製作用品
 コスメ・香水・美容, ベースメイク, ファンデーション
 コスメ・香水・美容, ベースメイク, 化粧下地
 コスメ・香水・美容, ベースメイク, コントロールカラー
 コスメ・香水・美容, ベースメイク, BBクリーム
 コスメ・香水・美容, ベースメイク, CCクリーム
 コスメ・香水・美容, ベースメイク, コンシーラー
 コスメ・香水・美容, ベースメイク, フェイスパウダー
 コスメ・香水・美容, ベースメイク, トライアルセット/サンプル
 コスメ・香水・美容, ベースメイク, その他
 コスメ・香水・美容, メイクアップ, アイシャドウ
 コスメ・香水・美容, メイクアップ, 口紅
 コスメ・香水・美容, メイクアップ, リップグロス
 コスメ・香水・美容, メイクアップ, リップライナー
 コスメ・香水・美容, メイクアップ, チーク
 コスメ・香水・美容, メイクアップ, フェイスカラー
 コスメ・香水・美容, メイクアップ, マスカラ
 コスメ・香水・美容, メイクアップ, アイライナー
 コスメ・香水・美容, メイクアップ, つけまつげ
 コスメ・香水・美容, メイクアップ, アイブロウペンシル
 コスメ・香水・美容, メイクアップ, パウダーアイブロウ
 コスメ・香水・美容, メイクアップ, 眉マスカラ
 コスメ・香水・美容, メイクアップ, トライアルセット/サンプル
 コスメ・香水・美容, メイクアップ, メイク道具/化粧小物
 コスメ・香水・美容, ネイルケア, ネイルカラー
 コスメ・香水・美容, ネイルケア, カラージェル
 コスメ・香水・美容, ネイルケア, ネイルベースコート/トップコート
 コスメ・香水・美容, ネイルケア, ネイルアート用品
 コスメ・香水・美容, ネイルケア, ネイルパーツ
 コスメ・香水・美容, ネイルケア, ネイルチップ/付け爪
 コスメ・香水・美容, ネイルケア, 手入れ用具
 コスメ・香水・美容, ネイルケア, 除光液
 コスメ・香水・美容, ネイルケア, その他
 コスメ・香水・美容, 香水, 香水(女性用)
 コスメ・香水・美容, 香水, 香水(男性用)
 コスメ・香水・美容, 香水, ユニセックス
 コスメ・香水・美容, 香水, ボディミスト
 コスメ・香水・美容, 香水, その他
 コスメ・香水・美容, スキンケア/基礎化粧品, 化粧水/ローション
 コスメ・香水・美容, スキンケア/基礎化粧品, 乳液/ミルク
 コスメ・香水・美容, スキンケア/基礎化粧品, 美容液
 コスメ・香水・美容, スキンケア/基礎化粧品, フェイスクリーム
 コスメ・香水・美容, スキンケア/基礎化粧品, 洗顔料
 コスメ・香水・美容, スキンケア/基礎化粧品, クレンジング/メイク落とし
 コスメ・香水・美容, スキンケア/基礎化粧品, パック/フェイスマスク
 コスメ・香水・美容, スキンケア/基礎化粧品, ジェル/ゲル
 コスメ・香水・美容, スキンケア/基礎化粧品, ブースター/導入液
 コスメ・香水・美容, スキンケア/基礎化粧品, アイケア
 コスメ・香水・美容, スキンケア/基礎化粧品, リップケア
 コスメ・香水・美容, スキンケア/基礎化粧品, トライアルセット/サンプル
 コスメ・香水・美容, スキンケア/基礎化粧品, 洗顔グッズ
 コスメ・香水・美容, スキンケア/基礎化粧品, その他
 コスメ・香水・美容, ヘアケア, シャンプー
 コスメ・香水・美容, ヘアケア, トリートメント
 コスメ・香水・美容, ヘアケア, コンディショナー
 コスメ・香水・美容, ヘアケア, リンス
 コスメ・香水・美容, ヘアケア, スタイリング剤
 コスメ・香水・美容, ヘアケア, カラーリング剤
 コスメ・香水・美容, ヘアケア, ブラシ
 コスメ・香水・美容, ヘアケア, その他
 コスメ・香水・美容, ボディケア, オイル/クリーム
 コスメ・香水・美容, ボディケア, ハンドクリーム
 コスメ・香水・美容, ボディケア, ローション
 コスメ・香水・美容, ボディケア, 日焼け止め/サンオイル
 コスメ・香水・美容, ボディケア, ボディソープ
 コスメ・香水・美容, ボディケア, 入浴剤
 コスメ・香水・美容, ボディケア, 制汗/デオドラント
 コスメ・香水・美容, ボディケア, フットケア
 コスメ・香水・美容, ボディケア, その他
 コスメ・香水・美容, オーラルケア, 口臭防止/エチケット用品
 コスメ・香水・美容, オーラルケア, 歯ブラシ
 コスメ・香水・美容, オーラルケア, その他
 コスメ・香水・美容, リラクゼーション, エッセンシャルオイル
 コスメ・香水・美容, リラクゼーション, 芳香器
 コスメ・香水・美容, リラクゼーション, お香/香炉
 コスメ・香水・美容, リラクゼーション, キャンドル
 コスメ・香水・美容, リラクゼーション, その他
 コスメ・香水・美容, ダイエット, ダイエット食品
 コスメ・香水・美容, ダイエット, エクササイズ用品
 コスメ・香水・美容, ダイエット, 体重計
 コスメ・香水・美容, ダイエット, 体脂肪計
 コスメ・香水・美容, ダイエット, その他
 コスメ・香水・美容, その他, 健康用品
 コスメ・香水・美容, その他, 看護/介護用品
 コスメ・香水・美容, その他, 救急/衛生用品
 コスメ・香水・美容, その他, その他
 家電・スマホ・カメラ, スマートフォン/携帯電話, スマートフォン本体
 家電・スマホ・カメラ, スマートフォン/携帯電話, バッテリー/充電器
 家電・スマホ・カメラ, スマートフォン/携帯電話, 携帯電話本体
 家電・スマホ・カメラ, スマートフォン/携帯電話, PHS本体
 家電・スマホ・カメラ, スマートフォン/携帯電話, その他
 家電・スマホ・カメラ, スマホアクセサリー, Android用ケース
 家電・スマホ・カメラ, スマホアクセサリー, iPhone用ケース
 家電・スマホ・カメラ, スマホアクセサリー, カバー
 家電・スマホ・カメラ, スマホアクセサリー, イヤホンジャック
 家電・スマホ・カメラ, スマホアクセサリー, ストラップ
 家電・スマホ・カメラ, スマホアクセサリー, フィルム
 家電・スマホ・カメラ, スマホアクセサリー, 自撮り棒
 家電・スマホ・カメラ, スマホアクセサリー, その他
 家電・スマホ・カメラ, PC/タブレット, タブレット
 家電・スマホ・カメラ, PC/タブレット, ノートPC
 家電・スマホ・カメラ, PC/タブレット, デスクトップ型PC
 家電・スマホ・カメラ, PC/タブレット, ディスプレイ
 家電・スマホ・カメラ, PC/タブレット, 電子ブックリーダー
 家電・スマホ・カメラ, PC/タブレット, PC周辺機器
 家電・スマホ・カメラ, PC/タブレット, PCパーツ
 家電・スマホ・カメラ, PC/タブレット, その他
 家電・スマホ・カメラ, カメラ, デジタルカメラ
 家電・スマホ・カメラ, カメラ, ビデオカメラ
 家電・スマホ・カメラ, カメラ, レンズ(単焦点)
 家電・スマホ・カメラ, カメラ, レンズ(ズーム)
 家電・スマホ・カメラ, カメラ, フィルムカメラ
 家電・スマホ・カメラ, カメラ, 防犯カメラ
 家電・スマホ・カメラ, カメラ, その他
 家電・スマホ・カメラ, テレビ/映像機器, テレビ
 家電・スマホ・カメラ, テレビ/映像機器, プロジェクター
 家電・スマホ・カメラ, テレビ/映像機器, ブルーレイレコーダー
 家電・スマホ・カメラ, テレビ/映像機器, DVDレコーダー
 家電・スマホ・カメラ, テレビ/映像機器, ブルーレイプレーヤー
 家電・スマホ・カメラ, テレビ/映像機器, DVDプレーヤー
 家電・スマホ・カメラ, テレビ/映像機器, 映像用ケーブル
 家電・スマホ・カメラ, テレビ/映像機器, その他
 家電・スマホ・カメラ, オーディオ機器, ポータブルプレーヤー
 家電・スマホ・カメラ, オーディオ機器, イヤフォン
 家電・スマホ・カメラ, オーディオ機器, ヘッドフォン
 家電・スマホ・カメラ, オーディオ機器, アンプ
 家電・スマホ・カメラ, オーディオ機器, スピーカー
 家電・スマホ・カメラ, オーディオ機器, ケーブル/シールド
 家電・スマホ・カメラ, オーディオ機器, ラジオ
 家電・スマホ・カメラ, オーディオ機器, その他
 家電・スマホ・カメラ, 美容/健康, ヘアドライヤー
 家電・スマホ・カメラ, 美容/健康, ヘアアイロン
 家電・スマホ・カメラ, 美容/健康, 美容機器
 家電・スマホ・カメラ, 美容/健康, マッサージ機
 家電・スマホ・カメラ, 美容/健康, 電気シェーバー
 家電・スマホ・カメラ, 美容/健康, 電動歯ブラシ
 家電・スマホ・カメラ, 美容/健康, その他
 家電・スマホ・カメラ, 冷暖房/空調, エアコン
 家電・スマホ・カメラ, 冷暖房/空調, 空気清浄器
 家電・スマホ・カメラ, 冷暖房/空調, 加湿器
 家電・スマホ・カメラ, 冷暖房/空調, 扇風機
 家電・スマホ・カメラ, 冷暖房/空調, 除湿機
 家電・スマホ・カメラ, 冷暖房/空調, ファンヒーター
 家電・スマホ・カメラ, 冷暖房/空調, 電気ヒーター
 家電・スマホ・カメラ, 冷暖房/空調, オイルヒーター
 家電・スマホ・カメラ, 冷暖房/空調, ストーブ
 家電・スマホ・カメラ, 冷暖房/空調, ホットカーペット
 家電・スマホ・カメラ, 冷暖房/空調, こたつ
 家電・スマホ・カメラ, 冷暖房/空調, 電気毛布
 家電・スマホ・カメラ, 冷暖房/空調, その他
 家電・スマホ・カメラ, 生活家電, 冷蔵庫
 家電・スマホ・カメラ, 生活家電, 洗濯機
 家電・スマホ・カメラ, 生活家電, 炊飯器
 家電・スマホ・カメラ, 生活家電, 電子レンジ/オーブン
 家電・スマホ・カメラ, 生活家電, 調理機器
 家電・スマホ・カメラ, 生活家電, アイロン
 家電・スマホ・カメラ, 生活家電, 掃除機
 家電・スマホ・カメラ, 生活家電, エスプレッソマシン
 家電・スマホ・カメラ, 生活家電, コーヒーメーカー
 家電・スマホ・カメラ, 生活家電, 衣類乾燥機
 家電・スマホ・カメラ, 生活家電, その他
 家電・スマホ・カメラ, その他, その他
 スポーツ・レジャー, ゴルフ, クラブ
 スポーツ・レジャー, ゴルフ, ウエア(男性用)
 スポーツ・レジャー, ゴルフ, ウエア(女性用)
 スポーツ・レジャー, ゴルフ, バッグ
 スポーツ・レジャー, ゴルフ, シューズ(男性用)
 スポーツ・レジャー, ゴルフ, シューズ(女性用)
 スポーツ・レジャー, ゴルフ, アクセサリー
 スポーツ・レジャー, ゴルフ, その他
 スポーツ・レジャー, フィッシング, ロッド
 スポーツ・レジャー, フィッシング, リール
 スポーツ・レジャー, フィッシング, ルアー用品
 スポーツ・レジャー, フィッシング, ウエア
 スポーツ・レジャー, フィッシング, 釣り糸/ライン
 スポーツ・レジャー, フィッシング, その他
 スポーツ・レジャー, 自転車, 自転車本体
 スポーツ・レジャー, 自転車, ウエア
 スポーツ・レジャー, 自転車, パーツ
 スポーツ・レジャー, 自転車, アクセサリー
 スポーツ・レジャー, 自転車, バッグ
 スポーツ・レジャー, 自転車, 工具/メンテナンス
 スポーツ・レジャー, 自転車, その他
 スポーツ・レジャー, トレーニング/エクササイズ, ランニング
 スポーツ・レジャー, トレーニング/エクササイズ, ウォーキング
 スポーツ・レジャー, トレーニング/エクササイズ, ヨガ
 スポーツ・レジャー, トレーニング/エクササイズ, トレーニング用品
 スポーツ・レジャー, トレーニング/エクササイズ, その他
 スポーツ・レジャー, 野球, ウェア
 スポーツ・レジャー, 野球, シューズ
 スポーツ・レジャー, 野球, グローブ
 スポーツ・レジャー, 野球, バット
 スポーツ・レジャー, 野球, アクセサリー
 スポーツ・レジャー, 野球, 防具
 スポーツ・レジャー, 野球, 練習機器
 スポーツ・レジャー, 野球, 記念グッズ
 スポーツ・レジャー, 野球, 応援グッズ
 スポーツ・レジャー, 野球, その他
 スポーツ・レジャー, サッカー/フットサル, ウェア
 スポーツ・レジャー, サッカー/フットサル, シューズ
 スポーツ・レジャー, サッカー/フットサル, ボール
 スポーツ・レジャー, サッカー/フットサル, アクセサリー
 スポーツ・レジャー, サッカー/フットサル, 記念グッズ
 スポーツ・レジャー, サッカー/フットサル, 応援グッズ
 スポーツ・レジャー, サッカー/フットサル, その他
 スポーツ・レジャー, テニス, ラケット(硬式用)
 スポーツ・レジャー, テニス, ラケット(軟式用)
 スポーツ・レジャー, テニス, ウェア
 スポーツ・レジャー, テニス, シューズ
 スポーツ・レジャー, テニス, ボール
 スポーツ・レジャー, テニス, アクセサリー
 スポーツ・レジャー, テニス, 記念グッズ
 スポーツ・レジャー, テニス, 応援グッズ
 スポーツ・レジャー, テニス, その他
 スポーツ・レジャー, スノーボード, ボード
 スポーツ・レジャー, スノーボード, バインディング
 スポーツ・レジャー, スノーボード, ブーツ(男性用)
 スポーツ・レジャー, スノーボード, ブーツ(女性用)
 スポーツ・レジャー, スノーボード, ブーツ(子ども用)
 スポーツ・レジャー, スノーボード, ウエア/装備(男性用)
 スポーツ・レジャー, スノーボード, ウエア/装備(女性用)
 スポーツ・レジャー, スノーボード, ウエア/装備(子ども用)
 スポーツ・レジャー, スノーボード, アクセサリー
 スポーツ・レジャー, スノーボード, バッグ
 スポーツ・レジャー, スノーボード, その他
 スポーツ・レジャー, スキー, 板
 スポーツ・レジャー, スキー, ブーツ(男性用)
 スポーツ・レジャー, スキー, ブーツ(女性用)
 スポーツ・レジャー, スキー, ブーツ(子ども用)
 スポーツ・レジャー, スキー, ビンディング
 スポーツ・レジャー, スキー, ウエア(男性用)
 スポーツ・レジャー, スキー, ウエア(女性用)
 スポーツ・レジャー, スキー, ウエア(子ども用)
 スポーツ・レジャー, スキー, ストック
 スポーツ・レジャー, スキー, その他
 スポーツ・レジャー, その他スポーツ, ダンス/バレエ
 スポーツ・レジャー, その他スポーツ, サーフィン
 スポーツ・レジャー, その他スポーツ, バスケットボール
 スポーツ・レジャー, その他スポーツ, バドミントン
 スポーツ・レジャー, その他スポーツ, バレーボール
 スポーツ・レジャー, その他スポーツ, スケートボード
 スポーツ・レジャー, その他スポーツ, 陸上競技
 スポーツ・レジャー, その他スポーツ, ラグビー
 スポーツ・レジャー, その他スポーツ, アメリカンフットボール
 スポーツ・レジャー, その他スポーツ, ボクシング
 スポーツ・レジャー, その他スポーツ, ボウリング
 スポーツ・レジャー, その他スポーツ, その他
 スポーツ・レジャー, アウトドア, テント/タープ
 スポーツ・レジャー, アウトドア, ライト/ランタン
 スポーツ・レジャー, アウトドア, 寝袋/寝具
 スポーツ・レジャー, アウトドア, テーブル/チェア
 スポーツ・レジャー, アウトドア, ストーブ/コンロ
 スポーツ・レジャー, アウトドア, 調理器具
 スポーツ・レジャー, アウトドア, 食器
 スポーツ・レジャー, アウトドア, 登山用品
 スポーツ・レジャー, アウトドア, その他
 スポーツ・レジャー, その他, 旅行用品
 スポーツ・レジャー, その他, その他
 ハンドメイド, アクセサリー(女性用), ピアス
 ハンドメイド, アクセサリー(女性用), イヤリング
 ハンドメイド, アクセサリー(女性用), ネックレス
 ハンドメイド, アクセサリー(女性用), ブレスレット
 ハンドメイド, アクセサリー(女性用), リング
 ハンドメイド, アクセサリー(女性用), チャーム
 ハンドメイド, アクセサリー(女性用), ヘアゴム
 ハンドメイド, アクセサリー(女性用), アンクレット
 ハンドメイド, アクセサリー(女性用), その他
 ハンドメイド, ファッション/小物, バッグ(女性用)
 ハンドメイド, ファッション/小物, バッグ(男性用)
 ハンドメイド, ファッション/小物, 財布(女性用)
 ハンドメイド, ファッション/小物, 財布(男性用)
 ハンドメイド, ファッション/小物, ファッション雑貨
 ハンドメイド, ファッション/小物, その他
 ハンドメイド, アクセサリー/時計, アクセサリー(男性用)
 ハンドメイド, アクセサリー/時計, 時計(女性用)
 ハンドメイド, アクセサリー/時計, 時計(男性用)
 ハンドメイド, アクセサリー/時計, その他
 ハンドメイド, 日用品/インテリア, キッチン用品
 ハンドメイド, 日用品/インテリア, 家具
 ハンドメイド, 日用品/インテリア, 文房具
 ハンドメイド, 日用品/インテリア, アート/写真
 ハンドメイド, 日用品/インテリア, アロマ/キャンドル
 ハンドメイド, 日用品/インテリア, フラワー/ガーデン
 ハンドメイド, 日用品/インテリア, その他
 ハンドメイド, 趣味/おもちゃ, クラフト/布製品
 ハンドメイド, 趣味/おもちゃ, おもちゃ/人形
 ハンドメイド, 趣味/おもちゃ, その他
 ハンドメイド, キッズ/ベビー, ファッション雑貨
 ハンドメイド, キッズ/ベビー, スタイ/よだれかけ
 ハンドメイド, キッズ/ベビー, 外出用品
 ハンドメイド, キッズ/ベビー, ネームタグ
 ハンドメイド, キッズ/ベビー, その他
 ハンドメイド, 素材/材料, 各種パーツ
 ハンドメイド, 素材/材料, 生地/糸
 ハンドメイド, 素材/材料, 型紙/パターン
 ハンドメイド, 素材/材料, その他
 ハンドメイド, 二次創作物, Ingress
 ハンドメイド, 二次創作物, クリエイターズ宇宙兄弟
 チケット, 音楽  , 男性アイドル
 チケット, 音楽  , 女性アイドル
 チケット, 音楽  , 韓流
 チケット, 音楽  , 国内アーティスト
 チケット, 音楽  , 海外アーティスト
 チケット, 音楽  , 音楽フェス
 チケット, 音楽  , 声優/アニメ
 チケット, 音楽  , その他
 チケット, スポーツ, サッカー
 チケット, スポーツ, 野球
 チケット, スポーツ, テニス
 チケット, スポーツ, 格闘技/プロレス
 チケット, スポーツ, 相撲/武道
 チケット, スポーツ, ゴルフ
 チケット, スポーツ, バレーボール
 チケット, スポーツ, バスケットボール
 チケット, スポーツ, モータースポーツ
 チケット, スポーツ, ウィンタースポーツ
 チケット, スポーツ, その他
 チケット, 演劇/芸能, ミュージカル
 チケット, 演劇/芸能, 演劇
 チケット, 演劇/芸能, 伝統芸能
 チケット, 演劇/芸能, 落語
 チケット, 演劇/芸能, お笑い
 チケット, 演劇/芸能, オペラ
 チケット, 演劇/芸能, サーカス
 チケット, 演劇/芸能, バレエ
 チケット, 演劇/芸能, その他
 チケット, イベント, 声優/アニメ
 チケット, イベント, キッズ/ファミリー
 チケット, イベント, トークショー/講演会
 チケット, イベント, その他
 チケット, 映画, 邦画
 チケット, 映画, 洋画
 チケット, 映画, その他
 チケット, 施設利用券, 遊園地/テーマパーク
 チケット, 施設利用券, 美術館/博物館
 チケット, 施設利用券, スキー場
 チケット, 施設利用券, ゴルフ場
 チケット, 施設利用券, フィットネスクラブ
 チケット, 施設利用券, プール
 チケット, 施設利用券, ボウリング場
 チケット, 施設利用券, 水族館
 チケット, 施設利用券, 動物園
 チケット, 施設利用券, その他
 チケット, 優待券/割引券, ショッピング
 チケット, 優待券/割引券, レストラン/食事券
 チケット, 優待券/割引券, フード/ドリンク券
 チケット, 優待券/割引券, 宿泊券
 チケット, 優待券/割引券, その他
 自動車・オートバイ, 自動車本体, 国内自動車本体
 自動車・オートバイ, 自動車本体, 外国自動車本体
 自動車・オートバイ, 自動車タイヤ/ホイール, タイヤ/ホイールセット
 自動車・オートバイ, 自動車タイヤ/ホイール, タイヤ
 自動車・オートバイ, 自動車タイヤ/ホイール, ホイール
 自動車・オートバイ, 自動車タイヤ/ホイール, その他
 自動車・オートバイ, 自動車パーツ, サスペンション
 自動車・オートバイ, 自動車パーツ, ブレーキ
 自動車・オートバイ, 自動車パーツ, 外装、エアロパーツ
 自動車・オートバイ, 自動車パーツ, ライト
 自動車・オートバイ, 自動車パーツ, 内装品、シート
 自動車・オートバイ, 自動車パーツ, ステアリング
 自動車・オートバイ, 自動車パーツ, マフラー・排気系
 自動車・オートバイ, 自動車パーツ, エンジン、過給器、冷却装置
 自動車・オートバイ, 自動車パーツ, クラッチ、ミッション、駆動系
 自動車・オートバイ, 自動車パーツ, 電装品
 自動車・オートバイ, 自動車パーツ, 補強パーツ
 自動車・オートバイ, 自動車パーツ, 汎用パーツ
 自動車・オートバイ, 自動車パーツ, 外国自動車用パーツ
 自動車・オートバイ, 自動車パーツ, その他
 自動車・オートバイ, 自動車アクセサリー, 車内アクセサリー
 自動車・オートバイ, 自動車アクセサリー, カーナビ
 自動車・オートバイ, 自動車アクセサリー, カーオーディオ
 自動車・オートバイ, 自動車アクセサリー, 車外アクセサリー
 自動車・オートバイ, 自動車アクセサリー, メンテナンス用品
 自動車・オートバイ, 自動車アクセサリー, チャイルドシート
 自動車・オートバイ, 自動車アクセサリー, ドライブレコーダー
 自動車・オートバイ, 自動車アクセサリー, レーダー探知機
 自動車・オートバイ, 自動車アクセサリー, カタログ/マニュアル
 自動車・オートバイ, 自動車アクセサリー, セキュリティ
 自動車・オートバイ, 自動車アクセサリー, ETC
 自動車・オートバイ, 自動車アクセサリー, その他
 自動車・オートバイ, オートバイパーツ, タイヤ
 自動車・オートバイ, オートバイパーツ, マフラー
 自動車・オートバイ, オートバイパーツ, エンジン、冷却装置
 自動車・オートバイ, オートバイパーツ, カウル、フェンダー、外装
 自動車・オートバイ, オートバイパーツ, サスペンション
 自動車・オートバイ, オートバイパーツ, ホイール
 自動車・オートバイ, オートバイパーツ, シート
 自動車・オートバイ, オートバイパーツ, ブレーキ
 自動車・オートバイ, オートバイパーツ, タンク
 自動車・オートバイ, オートバイパーツ, ライト、ウィンカー
 自動車・オートバイ, オートバイパーツ, チェーン、スプロケット、駆動系
 自動車・オートバイ, オートバイパーツ, メーター
 自動車・オートバイ, オートバイパーツ, 電装系
 自動車・オートバイ, オートバイパーツ, ミラー
 自動車・オートバイ, オートバイアクセサリー, ヘルメット/シールド
 自動車・オートバイ, オートバイアクセサリー, バイクウエア/装備
 自動車・オートバイ, オートバイアクセサリー, アクセサリー
 自動車・オートバイ, オートバイアクセサリー, メンテナンス
 自動車・オートバイ, オートバイアクセサリー, カタログ/マニュアル
 自動車・オートバイ, オートバイアクセサリー, その他
 その他, ペット用品, ペットフード
 その他, ペット用品, 犬用品
 その他, ペット用品, 猫用品
 その他, ペット用品, 魚用品/水草
 その他, ペット用品, 小動物用品
 その他, ペット用品, 爬虫類/両生類用品
 その他, ペット用品, かご/おり
 その他, ペット用品, 鳥用品
 その他, ペット用品, 虫類用品
 その他, ペット用品, その他
 その他, 食品, 菓子
 その他, 食品, 米
 その他, 食品, 野菜
 その他, 食品, 果物
 その他, 食品, 調味料
 その他, 食品, 魚介類(加工食品)
 その他, 食品, 肉類(加工食品)
 その他, 食品, その他 加工食品
 その他, 食品, その他
 その他, 飲料/酒, コーヒー
 その他, 飲料/酒, ソフトドリンク
 その他, 飲料/酒, ミネラルウォーター
 その他, 飲料/酒, 茶
 その他, 飲料/酒, ウイスキー
 その他, 飲料/酒, ワイン
 その他, 飲料/酒, ブランデー
 その他, 飲料/酒, 焼酎
 その他, 飲料/酒, 日本酒
 その他, 飲料/酒, ビール、発泡酒
 その他, 飲料/酒, その他
 その他, 日用品/生活雑貨/旅行, タオル/バス用品
 その他, 日用品/生活雑貨/旅行, 日用品/生活雑貨
 その他, 日用品/生活雑貨/旅行, 洗剤/柔軟剤
 その他, 日用品/生活雑貨/旅行, 旅行用品
 その他, 日用品/生活雑貨/旅行, 防災関連グッズ
 その他, 日用品/生活雑貨/旅行, その他
 その他, アンティーク/コレクション, 雑貨
 その他, アンティーク/コレクション, 工芸品
 その他, アンティーク/コレクション, 家具
 その他, アンティーク/コレクション, 印刷物
 その他, アンティーク/コレクション, その他
 その他, 文房具/事務用品, 筆記具
 その他, 文房具/事務用品, ノート/メモ帳
 その他, 文房具/事務用品, テープ/マスキングテープ
 その他, 文房具/事務用品, カレンダー/スケジュール
 その他, 文房具/事務用品, アルバム/スクラップ
 その他, 文房具/事務用品, ファイル/バインダー
 その他, 文房具/事務用品, はさみ/カッター
 その他, 文房具/事務用品, カードホルダー/名刺管理
 その他, 文房具/事務用品, のり/ホッチキス
 その他, 文房具/事務用品, その他
 その他, 事務/店舗用品, オフィス用品一般
 その他, 事務/店舗用品, オフィス家具
 その他, 事務/店舗用品, 店舗用品
 その他, 事務/店舗用品, OA機器
 その他, 事務/店舗用品, ラッピング/包装
 その他, 事務/店舗用品, その他
